"","word1","word2","n"
"1","republican","party",16
"2","patent","office",15
"3","u.s","patent",15
"4","labor","party",12
"5","registered","u.s",11
"6","federal","aid",10
"7","provided","note",10
"8","roll","calls",10
"9","afl","cio",8
"10","democratic","party",8
"11","federal","government",8
"12","national","committee",8
"13","vice","president",8
"14","labor","unions",7
"15","column","layout",6
"16","rural","electrification",6
"17","british","socialists",5
"18","class","struggle",5
"19","congressional","quarterly",5
"20","potential","voters",5
"21","remain","due",5
"22","republican","candidates",5
"23","social","security",5
"24","adlai","stevenson",4
"25","association","pressure",4
"26","assorted","lot",4
"27","blue","chip",4
"28","campaign","gaitskell",4
"29","cent","rate",4
"30","conservative","democrats",4
"31","divided","world",4
"32","eisenhower","administration",4
"33","farm","plans",4
"34","henry","wallace",4
"35","ill","assorted",4
"36","investor","owned",4
"37","local","organization",4
"38","lord","woolton",4
"39","los","angeles",4
"40","owned","companies",4
"41","party","organization",4
"42","press","conference",4
"43","private","investors",4
"44","red","china",4
"45","spectacular","growth",4
"46","trade","association",4
"47","wall","street",4
"48","armistice","day",3
"49","chairman","hall",3
"50","cio","committee",3
"51","communist","issue",3
"52","congressional","record",3
"53","dog","days",3
"54","election","campaign",3
"55","government","spending",3
"56","income","taxes",3
"57","liberal","democrats",3
"58","liberal","party",3
"59","middle","west",3
"60","minor","inconsistencies",3
"61","minor","overlaps",3
"62","national","policy",3
"63","ocr","limitations",3
"64","political","education",3
"65","political","influence",3
"66","political","labor",3
"67","private","insurance",3
"68","public","opinion",3
"69","public","power",3
"70","republican","national",3
"71","senator","schoeppel",3
"72","socialist","party",3
"73","soviet","russia",3
"74","stevenson","kefauver",3
"75","tax","cuts",3
"76","text","extracted",3
"77","war","effort",3
"78","white","house",3
"79","abnormal","manifestation",2
"80","active","labor",2
"81","active","local",2
"82","actual","fourth",2
"83","ad","lib",2
"84","advantages","compromise",2
"85","agricultural","genius",2
"86","ah","communism",2
"87","amateur","university",2
"88","american","achievement",2
"89","american","army",2
"90","american","government",2
"91","american","liberal",2
"92","american","liberals",2
"93","american","political",2
"94","american","workers",2
"95","anachronism","italy",2
"96","aneurin","bevan",2
"97","angeles","platform",2
"98","announcement","soviet",2
"99","antiquated","concepts",2
"100","appeal","based",2
"101","appeal","tranquilizes",2
"102","appeal","utterly",2
"103","appreciably","increase",2
"104","argued","americans",2
"105","arid","wastes",2
"106","armchair","doctrinaire",2
"107","army","officer",2
"108","astonishing","assertion",2
"109","bankers","investors",2
"110","behavior","pattern",2
"111","bevan","trade",2
"112","bitter","haters",2
"113","boating","swimming",2
"114","bovine","classification",2
"115","brimming","financial",2
"116","british","conservatives",2
"117","british","election",2
"118","british","electorate",2
"119","british","labor",2
"120","british","people",2
"121","british","refused",2
"122","brought","victory",2
"123","budget","director",2
"124","business","class",2
"125","business","school",2
"126","call","switch",2
"127","called","liberals",2
"128","campaign","committees",2
"129","candidate","defeated",2
"130","candidate","stevenson",2
"131","capehart","dealer",2
"132","capital","community",2
"133","cargo","plane",2
"134","cargo","planes",2
"135","cent","half",2
"136","cent","paid",2
"137","chief","beneficiaries",2
"138","chief","justice",2
"139","chip","industrial",2
"140","chip","pool",2
"141","christian","democrats",2
"142","civil","war",2
"143","class","appeal",2
"144","class","distinctions",2
"145","class","division",2
"146","class","party",2
"147","classified","cows",2
"148","collective","farms",2
"149","columbia","basin",2
"150","column","structure",2
"151","committed","socialists",2
"152","committee","meets",2
"153","common","sense",2
"154","complete","records",2
"155","component","elements",2
"156","congressional","district",2
"157","congressional","districts",2
"158","conservative","candidate",2
"159","conservatives","fought",2
"160","considerable","poverty",2
"161","constant","inflow",2
"162","cooperative","association",2
"163","cooperatives","choose",2
"164","county","illinois",2
"165","cross","breeding",2
"166","cynically","coveted",2
"167","czarist","russia",2
"168","dairy","farm",2
"169","deadly","competition",2
"170","deathless","fourth",2
"171","definable","choice",2
"172","democratic","committee",2
"173","democratic","support",2
"174","democratic","union",2
"175","democrats","opposed",2
"176","department","explained",2
"177","deputy","premier",2
"178","die","surely",2
"179","difficult","due",2
"180","discredited","appeals",2
"181","doctrinaire","fabians",2
"182","dozen","labor's",2
"183","dream","recently",2
"184","duly","capitalized",2
"185","earlier","article",2
"186","earned","surplus",2
"187","economic","illusions",2
"188","economic","miracle",2
"189","economists","offer",2
"190","economy","votes",2
"191","educational","novelties",2
"192","efficient","party",2
"193","eighteen","months",2
"194","eisenhower","cynically",2
"195","election","day",2
"196","election","offers",2
"197","election","officials",2
"198","election","proved",2
"199","electorate","weary",2
"200","electric","cooperative",2
"201","electrical","cooperatives",2
"202","electrification","administration",2
"203","ellis","dream",2
"204","ellis","proposed",2
"205","excessive","abuse",2
"206","extra","effort",2
"207","extracted","text",2
"208","factual","argument",2
"209","false","analogy",2
"210","false","elixir",2
"211","farm","expert",2
"212","farm","program",2
"213","farmer's","milkhouse",2
"214","fashioned","local",2
"215","fat","majority",2
"216","federal","control",2
"217","federal","expenditures",2
"218","federal","hydroelectric",2
"219","fever","heat",2
"220","fewer","cattle",2
"221","financial","position",2
"222","fine","public",2
"223","foolhardy","venture",2
"224","ford","foundation",2
"225","forthcoming","conference",2
"226","fought","hard",2
"227","fourth","branch",2
"228","fourth","rejection",2
"229","free","status",2
"230","free","world",2
"231","frequently","mentioned",2
"232","function","similar",2
"233","future","reflection",2
"234","gamble","americans",2
"235","governing","britain",2
"236","government","benefits",2
"237","government","build",2
"238","government","ownership",2
"239","government","power",2
"240","grade","blue",2
"241","gradual","reduction",2
"242","greatly","increased",2
"243","growing","middle",2
"244","hard","hitting",2
"245","hardhanded","practical",2
"246","hit","hard",2
"247","hitting","produces",2
"248","horned","cattle",2
"249","hospital","readers",2
"250","hostile","arid",2
"251","housing","slum",2
"252","hugh","gaitskell",2
"253","human","behavior",2
"254","humphrey","price",2
"255","hydroelectric","projects",2
"256","hypothetical","increase",2
"257","ideas","rejected",2
"258","ill","fitted",2
"259","illimitable","profits",2
"260","imagination","coupled",2
"261","immediately","consigned",2
"262","impossible","compromises",2
"263","income","tax",2
"264","incredible","political",2
"265","independent","government",2
"266","individual","income",2
"267","industrial","bonds",2
"268","internal","malaise",2
"269","internal","security",2
"270","investment","account",2
"271","investment","operation",2
"272","investment","opportunities",2
"273","investors","contractors",2
"274","jointed","illustrated",2
"275","jolly","slav",2
"276","joseph","martin",2
"277","juggling","act",2
"278","julius","hirsch",2
"279","k's","rise",2
"280","k's","travels",2
"281","khrushchev","rose",2
"282","labor","union",2
"283","largest","corporations",2
"284","leaving","hugh",2
"285","led","collectively",2
"286","lending","money",2
"287","liberal","legislation",2
"288","liberal","wing",2
"289","liberals","led",2
"290","lobby","called",2
"291","local","officials",2
"292","low","yield",2
"293","lower","taxes",2
"294","machinery","centers",2
"295","maintaining","party",2
"296","major","alternative",2
"297","major","factor",2
"298","major","profit",2
"299","mares","resumed",2
"300","marginal","democratic",2
"301","marxist","goals",2
"302","mass","production",2
"303","master","plan",2
"304","maturing","investments",2
"305","middle","income",2
"306","military","preparedness",2
"307","minor","formatting",2
"308","miracle","belongs",2
"309","miracle","wallace",2
"310","modest","returns",2
"311","month","renounced",2
"312","monumental","sweep",2
"313","moral","element",2
"314","multiplying","production",2
"315","mystical","henry",2
"316","mystical","overtones",2
"317","mythical","national",2
"318","nation","eviscerated",2
"319","national","candidates",2
"320","national","chairman",2
"321","national","level",2
"322","national","rural",2
"323","national","ticket",2
"324","national","tickets",2
"325","neglected","london",2
"326","nreca","clyde",2
"327","offered","differences",2
"328","offs","macmillan",2
"329","opinion","polls",2
"330","opposition","votes",2
"331","oregon","washington",2
"332","organization","built",2
"333","original","column",2
"334","original","formatting",2
"335","original","purpose",2
"336","ownership","fade",2
"337","parliamentary","minority",2
"338","partnership","policy",2
"339","party","frustrates",2
"340","party","lines",2
"341","party","machinery",2
"342","party","suited",2
"343","party","vigor",2
"344","past","leaving",2
"345","perfect","accuracy",2
"346","personal","appeal",2
"347","personal","responsibility",2
"348","photographed","amid",2
"349","political","campaigns",2
"350","political","lawyers",2
"351","political","phantoms",2
"352","political","revolution",2
"353","politically","active",2
"354","polling","business",2
"355","potomac","paradise",2
"356","potomac","river",2
"357","power","monopoly",2
"358","practical","advantages",2
"359","practical","colleagues",2
"360","practical","people",2
"361","premier","visited",2
"362","president","eisenhower",2
"363","president's","veto",2
"364","pressure","lobby",2
"365","pressure","organization",2
"366","price","bill",2
"367","private","investor",2
"368","produces","apathy",2
"369","produces","excitement",2
"370","profound","obligation",2
"371","progressive","agriculture",2
"372","promises","illimitable",2
"373","promises","lower",2
"374","promoters","political",2
"375","propaganda","duly",2
"376","prostrate","liberal",2
"377","provide","boating",2
"378","provide","federal",2
"379","public","housing",2
"380","public","servant",2
"381","published","memoirs",2
"382","purpose","permitted",2
"383","push","rural",2
"384","quietly","moving",2
"385","radical","vote",2
"386","rain","falls",2
"387","reasonable","portion",2
"388","recently","proposed",2
"389","recently","published",2
"390","reform","movement",2
"391","regain","power",2
"392","remote","farmers",2
"393","renounced","marxism",2
"394","reporters","threw",2
"395","republican","campaign",2
"396","republican","counties",2
"397","republican","leaders",2
"398","republican","support",2
"399","republicans","supplied",2
"400","residence","requirements",2
"401","respective","chairmen",2
"402","responsible","freedom",2
"403","responsible","party",2
"404","rich","windfalls",2
"405","river","project",2
"406","roosevelt","term",2
"407","rural","electric",2
"408","rural","electrical",2
"409","russia","specialists",2
"410","russian","officer",2
"411","russian","trait",2
"412","safely","governed",2
"413","savings","account",2
"414","school","construction",2
"415","secretary","benson",2
"416","semi","desert",2
"417","servant","secretary",2
"418","services","housing",2
"419","shaw","economists",2
"420","short","personal",2
"421","short","term",2
"422","single","system's",2
"423","slum","clearance",2
"424","social","democrats",2
"425","social","services",2
"426","socialists","alike",2
"427","soft","appeal",2
"428","soil","bank",2
"429","soviet","juggling",2
"430","soviet","photographers",2
"431","soviet","reporters",2
"432","space","permits",2
"433","stainless","steel",2
"434","stalin's","death",2
"435","static","electorate",2
"436","statistical","pigs",2
"437","statistical","successes",2
"438","statistically","transformed",2
"439","street","financing",2
"440","strong","active",2
"441","supreme","court",2
"442","surplus","rose",2
"443","swimming","picnicking",2
"444","switch","offs",2
"445","system's","program",2
"446","taft","hartley",2
"447","talents","henry",2
"448","tax","free",2
"449","tax","relief",2
"450","term","governments",2
"451","term","low",2
"452","terrible","fiascoes",2
"453","time","heavily",2
"454","tokyo","hospital",2
"455","total","earned",2
"456","tourist","trade",2
"457","tracts","east",2
"458","trade","unionists",2
"459","trade","unions",2
"460","trade","west",2
"461","tva","model",2
"462","u.s","house",2
"463","unfolding","picture",2
"464","unionists","welfare",2
"465","university","intellectuals",2
"466","unusual","function",2
"467","urban","renewal",2
"468","utterly","failed",2
"469","vast","imagination",2
"470","vast","investment",2
"471","vast","scheme",2
"472","vast","tracts",2
"473","vincent","astor",2
"474","voters","increases",2
"475","votes","cast",2
"476","wage","earners",2
"477","walter","reuther",2
"478","washington","lobby",2
"479","watchful","eye",2
"480","weariness","impatience",2
"481","webbs","bitter",2
"482","weeks","ago",2
"483","welfare","workers",2
"484","west","germany",2
"485","western","allies",2
"486","wholesome","character",2
"487","wholly","abnormal",2
"488","wide","publicity",2
"489","wide","similarity",2
"490","window","ledge",2
"491","wonderful","farm",2
"492","workers","amateur",2
"493","workers","nationalization",2
"494","yield","governments",2
"495","york","bank",2
"496","aa","august",1
"497","abandoning","job",1
"498","abolishing","income",1
"499","abolishing","poverty",1
"500","absentee","ballots",1
"501","abstention","republican",1
"502","abundant","evidence",1
"503","academic","freedom",1
"504","accelerated","growth",1
"505","accelerating","drop",1
"506","acceptable","method",1
"507","acceptle","ance",1
"508","accounting","act",1
"509","accurate","pre",1
"510","accurately","designed",1
"511","achieving","economic",1
"512","acquiescence","permitted",1
"513","active","candidates",1
"514","actual","physical",1
"515","actual","revenues",1
"516","acute","foreign",1
"517","acutely","sensitive",1
"518","ada","coalithus",1
"519","added","challenge",1
"520","additional","easy",1
"521","additional","party",1
"522","additional","strength",1
"523","additional","text",1
"524","address","published",1
"525","adequate","money",1
"526","adequate","supply",1
"527","administration","countless",1
"528","administration","vigorously",1
"529","administration's","insistence",1
"530","administration’s","power",1
"531","administrators","settle",1
"532","advocate","recognition",1
"533","aeial","u.s",1
"534","affect","voters",1
"535","affiliation","democratic",1
"536","afl","cio’s",1
"537","age","foundation’s",1
"538","aged","persons",1
"539","agencies","publish",1
"540","aggression","eisenhower",1
"541","ago","established",1
"542","agrarian","expert",1
"543","agricultural","policies",1
"544","agricultural","regions",1
"545","airplane","industry",1
"546","aj","invalid",1
"547","ak","governors",1
"548","albert","nash",1
"549","alcorn","program",1
"550","alcorn’s","suggestion",1
"551","alien","property",1
"552","alike","burden",1
"553","alike","en",1
"554","alike","encourage",1
"555","alleged","improper",1
"556","allegedly","independent",1
"557","alleviate","human",1
"558","aloud","kennedy",1
"559","alton","brooks",1
"560","american","aid",1
"561","american","astor",1
"562","american","children",1
"563","american","citizen",1
"564","american","citizens",1
"565","american","civilians",1
"566","american","colonies",1
"567","american","enterprise",1
"568","american","habit",1
"569","american","herit",1
"570","american","heritage",1
"571","american","military",1
"572","american","minds",1
"573","american","party",1
"574","american","people",1
"575","american","policy",1
"576","american","revolution",1
"577","americans","east",1
"578","americans","killed",1
"579","amount","annually",1
"580","ampaign","orators",1
"581","analogy","congressman",1
"582","ance","speech",1
"583","ancient","concept",1
"584","annual","messages",1
"585","annual","regional",1
"586","anonymous","bureaucrat",1
"587","answered","don’t",1
"588","anthony","leviero",1
"589","anti","labor",1
"590","anticipated","growth",1
"591","ap","quoted",1
"592","apap","ak",1
"593","apartment","house",1
"594","apparent","unable",1
"595","applying","federal",1
"596","appointed","officer",1
"597","appointive","offices",1
"598","apprehensions","party",1
"599","apprenu.s","patent",1
"600","approximately","threeof",1
"601","april","meeting",1
"602","ar","ce",1
"603","ar","frauds",1
"604","ard","comment",1
"605","ardent","patriotism",1
"606","aridrew","schoeppel",1
"607","aristocrat","jefferson",1
"608","arthur","krock",1
"609","article","seemingly",1
"610","as_","chores",1
"611","asia","africa",1
"612","assembly","republicans",1
"613","assistance","grants",1
"614","assistance","recipients",1
"615","assured","security",1
"616","astor","lived",1
"617","astor","opposed",1
"618","astor's","heart",1
"619","ate","study",1
"620","atomic","quest",1
"621","attack","bureauitis",1
"622","attack","rests",1
"623","attendance","age",1
"624","attending","school",1
"625","attractive","candidates",1
"626","attractive","countryside",1
"627","auguration","dies",1
"628","august","kennedy",1
"629","australia","hawaii",1
"630","authentic","leaders",1
"631","authorize","henry",1
"632","automatic","milker",1
"633","automation","foreign",1
"634","automobile","industry",1
"635","autumn","days",1
"636","average","citizen",1
"637","average","conservative",1
"638","averaged","million",1
"639","avoid","overlapping",1
"640","avoid","predictions",1
"641","awful","decisions",1
"642","ay","olan",1
"643","bad","manners",1
"644","bag","campaign",1
"645","balanced","chronic",1
"646","ball","minnesota",1
"647","ballots","regarded",1
"648","barred","battered",1
"649","barring","war",1
"650","baseball","aver",1
"651","basic","designs",1
"652","basic","element",1
"653","basic","organization",1
"654","basic","rate",1
"655","basic","unit",1
"656","basin","approximately",1
"657","befell","thomas",1
"658","believes","destiny",1
"659","beloved","president",1
"660","benefits","paid",1
"661","bennett","dewey",1
"662","bennion","committee",1
"663","benson","agricultural",1
"664","benson","farm",1
"665","bernard","baruch",1
"666","bethe","people",1
"667","bewildering","variety",1
"668","biennial","elections",1
"669","bigger","planes",1
"670","bill","died",1
"671","bill","recognizes",1
"672","billion","increases",1
"673","billion","raised",1
"674","billions","undertake",1
"675","billy","graham",1
"676","bipartisan","statistical",1
"677","bishi","ops",1
"678","bitter","indignation",1
"679","bitter","memory",1
"680","bitterly","opposed",1
"681","blatant","examples",1
"682","blind","acceptance",1
"683","board","aid",1
"684","board","neatly",1
"685","bonds","principle",1
"686","book","don’t",1
"687","book","filling",1
"688","book","pollsum",1
"689","borough","council",1
"690","borough","labor",1
"691","borrowing","capacity",1
"692","bounty","economics",1
"693","breed","multitudes",1
"694","breton","legend",1
"695","brig","j.a",1
"696","bright","brave",1
"697","bring","fundamentally",1
"698","bristol","lives",1
"699","bristol","trade",1
"700","british","call",1
"701","british","elections",1
"702","british","model",1
"703","british","politics",1
"704","broad","tidal",1
"705","broke","precedent",1
"706","brooks","parker",1
"707","bruised","mon",1
"708","budget","cuts",1
"709","build","planes",1
"710","building","soundly",1
"711","burden","onstrate",1
"712","bush’s","warning",1
"713","business","administration",1
"714","business","community",1
"715","business","enterprise",1
"716","business","enterprises",1
"717","business","leaders",1
"718","business","management",1
"719","business","stress",1
"720","business","travelers",1
"721","businessmen","concerned",1
"722","butler","plan",1
"723","buy","pay",1
"724","buying","war",1
"725","byrd","told",1
"726","byrd’s","office",1
"727","cabinet","level",1
"728","cal","writers",1
"729","californ","fight",1
"730","california","governor",1
"731","california","republican",1
"732","call","analysis",1
"733","call","social",1
"734","called","independents",1
"735","called","society",1
"736","called","stat",1
"737","called","trust",1
"738","calls","permitted",1
"739","campaign","chairmen",1
"740","campaign","committee",1
"741","campaign","techniques",1
"742","campaign","workers",1
"743","campaigning","distinguish",1
"744","campaigning","methods",1
"745","campaigning","west",1
"746","candidate","dewey",1
"747","candidate","rely",1
"748","candidate","traveled",1
"749","candidate","whenhe",1
"750","candidate's","wife",1
"751","candidates","habit",1
"752","candidates","kennedy",1
"753","canyon","bill",1
"754","capehart","capehart",1
"755","capis","trano",1
"756","capital","gains",1
"757","capitalist","japan",1
"758","capricious","disorderly",1
"759","captain","astor's",1
"760","captive","workers",1
"761","car","television",1
"762","card","preferences",1
"763","care","benefits",1
"764","carefree","warren",1
"765","careful","perusal",1
"766","cargo","flying",1
"767","carried","california",1
"768","carry","fiscal",1
"769","cast","death",1
"770","casting","absentee",1
"771","catastrophic","illness",1
"772","catholic","bishi",1
"773","ce","candidate",1
"774","cent","corporate",1
"775","cent","nature",1
"776","cent","parity",1
"777","cent","patman",1
"778","cent","score",1
"779","century","ago",1
"780","century","nationalism",1
"781","cerebral","thrombosis",1
"782","chain","stores",1
"783","chairman","meade",1
"784","chairman’s","job",1
"785","chairmen","moley",1
"786","change","optimism",1
"787","charles","seymour",1
"788","chase","smith",1
"789","check","counties",1
"790","chicago","acceptle",1
"791","chicane","force",1
"792","chief","adviser",1
"793","chief","consulting",1
"794","chief","means",1
"795","chief","petty",1
"796","chief","proponent",1
"797","china","japan",1
"798","chinese","intervention",1
"799","choice","hard",1
"800","choice","tion",1
"801","chores","senators",1
"802","christian","churches",1
"803","chronick","conducted",1
"804","cial","patterns",1
"805","cio","news",1
"806","cio","resolution",1
"807","cio","selected",1
"808","cio","strategy",1
"809","cio’s","cope",1
"810","circumstance","offer",1
"811","cite","ay",1
"812","citizen","lost",1
"813","city","bennett",1
"814","city","block",1
"815","city","demoboss",1
"816","civilization","physical",1
"817","civilization","witness",1
"818","clacking","computer",1
"819","claim","credit",1
"820","class","henry",1
"821","claude","debussy",1
"822","clean","cut",1
"823","clements","douglas",1
"824","close","associates",1
"825","close","balance",1
"826","close","election",1
"827","close","loopholes",1
"828","close","numerous",1
"829","closely","japan’s",1
"830","clumsy","laws",1
"831","clumsy","politically",1
"832","coattail","riders",1
"833","coattails","broad",1
"834","cold","satisfaction",1
"835","collaborator","estes",1
"836","collect","timate",1
"837","collecting","tank",1
"838","college","lad",1
"839","colorado","note",1
"840","columbia","barring",1
"841","columbia","university",1
"842","column","separation",1
"843","columnar","layout",1
"844","combined","pay",1
"845","coming","election",1
"846","commission","reported",1
"847","commit","pollsum",1
"848","committed","nixon",1
"849","committee","failed",1
"850","committee","meeting",1
"851","committee","spread",1
"852","committeeman","december",1
"853","committeemen","harrison",1
"854","committee’s","job",1
"855","common","purpose",1
"856","communism","communists",1
"857","communism","politicians",1
"858","communist","believes",1
"859","communist","countries",1
"860","communist","declare",1
"861","communist","frontier",1
"862","communist","propaganda",1
"863","communist","terms",1
"864","communists","entered",1
"865","competitive","capitalism",1
"866","competitive","economic",1
"867","compilations","concerns",1
"868","compiling","records",1
"869","complete","agreement",1
"870","complete","analysis",1
"871","complete","answer",1
"872","complete","decentralization",1
"873","completed","transactions",1
"874","complex","system",1
"875","complex","task",1
"876","complicated","process",1
"877","complicated","technical",1
"878","comprehensive","revenue",1
"879","comprises","constit",1
"880","comprises","constituencies",1
"881","comprises","voting",1
"882","compulsion","including",1
"883","compulsory","attendance",1
"884","computer","machines",1
"885","computing","machines",1
"886","comwas","set",1
"887","con","science",1
"888","conceived","red",1
"889","concentrated","power",1
"890","concern","slichter's",1
"891","concerns","republican",1
"892","condition","coming",1
"893","conduct","research",1
"894","conducting","investi",1
"895","conference","board",1
"896","conference","richard",1
"897","conferences","devoted",1
"898","confidence","ah",1
"899","confidently","assume",1
"900","conflicting","farm",1
"901","confusing","versions",1
"902","congress","failed",1
"903","congress","including",1
"904","congress","sets",1
"905","congress","share",1
"906","congress","winning",1
"907","congresses","items",1
"908","congresses","opposed",1
"909","congresses","removal",1
"910","congressional","campaign",1
"911","congressional","duties",1
"912","congressional","probes",1
"913","congressional","seats",1
"914","congressman","patman",1
"915","congressman","simpson",1
"916","conservative","agent",1
"917","conservative","candidates",1
"918","conservative","constituency",1
"919","conservative","dem",1
"920","conservative","estimate",1
"921","conservative","fight",1
"922","conservative","office",1
"923","conservative","organiza",1
"924","conservative","organization",1
"925","conservatively","inclined",1
"926","conservatives","waste",1
"927","considerable","proportion",1
"928","considerable","return",1
"929","considerable","study",1
"930","considerable","time",1
"931","constituency","agent",1
"932","constituency","headquarters",1
"933","constituency","votes",1
"934","constituents","editorials",1
"935","constitutional","ar",1
"936","constitutional","convention",1
"937","constitutional","duty",1
"938","consulting","actuary",1
"939","contest","senator",1
"940","contested","districts",1
"941","continually","changing",1
"942","continue","spending",1
"943","contributing","editor",1
"944","control","control",1
"945","control","dr",1
"946","convention","strategy",1
"947","conversion","ee",1
"948","convert","democrats",1
"949","converting","republicans",1
"950","cook","county",1
"951","cool","autumn",1
"952","cope","chief",1
"953","cope","committee",1
"954","cope","line",1
"955","cope","victorious",1
"956","cope’s","harvest",1
"957","coronary","thrombosis",1
"958","corporate","income",1
"959","corporate","mind",1
"960","corporate","rates",1
"961","corporate","tax",1
"962","corporate","taxes",1
"963","corporation","ft",1
"964","corporation","shift",1
"965","corporation","tax",1
"966","corporation","taxes",1
"967","corporations","engaged",1
"968","correct","statement",1
"969","corroborative","materials",1
"970","corruption","personalities",1
"971","counties","voted",1
"972","countless","chinese",1
"973","countless","local",1
"974","countless","votes",1
"975","countries","ideology",1
"976","country","concern",1
"977","county","iil",1
"978","courtney","brown",1
"979","cover","elderly",1
"980","cowles","publications",1
"981","cozen","independents",1
"982","cq","revised",1
"983","crazy","federal",1
"984","creased","activity",1
"985","creative","conservative",1
"986","criminal","justice",1
"987","critical","materials",1
"988","critical","moment",1
"989","cronies","highballs",1
"990","crowley","alien",1
"991","crowning","mischief",1
"992","culprit","destiny",1
"993","curious","book",1
"994","curious","mix",1
"995","curious","public",1
"996","current","craze",1
"997","current","hapare",1
"998","current","obsession",1
"999","current","trend",1
"1000","cycle","official",1
"1001","daily","appearances",1
"1002","dan","throop",1
"1003","dangerous","rumor",1
"1004","daniel","webster",1
"1005","david","eccles",1
"1006","david","mccord",1
"1007","day","conference",1
"1008","day","elections",1
"1009","day","exhibition",1
"1010","day","press",1
"1011","day","satisfies",1
"1012","days","collect",1
"1013","days","missouri",1
"1014","days","soothe",1
"1015","deadly","enemies",1
"1016","deadly","opiate",1
"1017","deal","depart",1
"1018","deal","economists",1
"1019","deal","reelected",1
"1020","dealers","sinclairites",1
"1021","dearest","friends",1
"1022","death","resignation",1
"1023","debussy","painted",1
"1024","december","days",1
"1025","decisive","independ",1
"1026","decisive","minority",1
"1027","dedi","cated",1
"1028","deep","rity",1
"1029","deeply","concerned",1
"1030","deeply","religious",1
"1031","defeat","earnestly",1
"1032","defeat","edmund",1
"1033","defeat","senator",1
"1034","definitive","interpretation",1
"1035","delegating","responsibility",1
"1036","deliberately","franchise",1
"1037","democracy","safely",1
"1038","democracy's","exponent",1
"1039","democrat","sen",1
"1040","democratic","candidate",1
"1041","democratic","candidates",1
"1042","democratic","chairman",1
"1043","democratic","congress",1
"1044","democratic","counties",1
"1045","democratic","families",1
"1046","democratic","future",1
"1047","democratic","majority",1
"1048","democratic","organization",1
"1049","democratic","platform",1
"1050","democratic","primary",1
"1051","democratic","republican",1
"1052","democratic","senators",1
"1053","democratic","vote",1
"1054","democratic","votes",1
"1055","democrats","cast",1
"1056","democrats","march",1
"1057","democrats","supplied",1
"1058","democrats","voted",1
"1059","demoesatil","platform",1
"1060","denied","indiscriminate",1
"1061","dential","candidate",1
"1062","department","heads",1
"1063","depreciation","provision",1
"1064","des","moines",1
"1065","design","political",1
"1066","designated","spots",1
"1067","destroy","liberty",1
"1068","detailed","information",1
"1069","detailed","issues",1
"1070","determinism","wait",1
"1071","developing","hydroelectric",1
"1072","devout","communist",1
"1073","devoutly","hope",1
"1074","dewey","clare",1
"1075","dewey’s","million",1
"1076","didn’t","understand",1
"1077","died","kennedy",1
"1078","differs","fundamentally",1
"1079","dingy","inexpensive",1
"1080","dire","fate",1
"1081","direct","authority",1
"1082","direct","contradiction",1
"1083","direct","methods",1
"1084","directing","local",1
"1085","disability","confront",1
"1086","disabled","president",1
"1087","disaster","befell",1
"1088","discipline","oth",1
"1089","discipline","teachers",1
"1090","discourage","hard",1
"1091","discriminating","intelligence",1
"1092","disgraceful","exhibition",1
"1093","disorderly","thinking",1
"1094","distinguished","visitor",1
"1095","district","fresno",1
"1096","districts","republican",1
"1097","districts","switched",1
"1098","dividend","relief",1
"1099","doctrine","brought",1
"1100","domestic","concern",1
"1101","domestic","issues",1
"1102","domestic","reform",1
"1103","donald","nelson",1
"1104","double","jointed",1
"1105","doubt","created",1
"1106","doubt","thousands",1
"1107","douglas","lehman",1
"1108","dr","s.m",1
"1109","drastic","budget",1
"1110","drastically","weakened",1
"1111","draw","heavily",1
"1112","drawn","attention",1
"1113","dropping","functions",1
"1114","duty","personal",1
"1115","ea","ero",1
"1116","earl","warren",1
"1117","earlier","statement",1
"1118","earlier","suggestion",1
"1119","earned","dollar",1
"1120","earners","move",1
"1121","earnestly","desired",1
"1122","earth","practice",1
"1123","easily","interpreted",1
"1124","easily","spell",1
"1125","easily","understandable",1
"1126","east","south",1
"1127","eastern","border",1
"1128","eastern","money",1
"1129","easy","districts",1
"1130","easy","victims",1
"1131","easy","victory",1
"1132","eccles","minister",1
"1133","economic","cycle",1
"1134","economic","earthquake",1
"1135","economic","excesses",1
"1136","economic","interpretation",1
"1137","economic","issues",1
"1138","economic","political",1
"1139","economic","status",1
"1140","economic","system",1
"1141","economic","theories",1
"1142","economic","wizards",1
"1143","economics","popular",1
"1144","economists","hold",1
"1145","economy","congress",1
"1146","economy","minded",1
"1147","ective","registered",1
"1148","ed","flynn",1
"1149","editor","moley",1
"1150","editorial","personnel",1
"1151","edmund","burke",1
"1152","education","association",1
"1153","education","boon",1
"1154","education","moved",1
"1155","educational","programs",1
"1156","educators","rose",1
"1157","ee","popular",1
"1158","effective","options",1
"1159","efficient","mass",1
"1160","efficient","organization",1
"1161","efficient","system",1
"1162","eggers","labor",1
"1163","egghead","shadow",1
"1164","eisenhower","agree",1
"1165","eisenhower","benson",1
"1166","eisenhower","issues",1
"1167","eisenhower","majority",1
"1168","eisenhower","partnership",1
"1169","eisenhower","program",1
"1170","eisenhower","publish",1
"1171","eisenhower","received",1
"1172","eisenhower","roll",1
"1173","eisenhower's","pro",1
"1174","elect","morse",1
"1175","elect","thomas",1
"1176","elected","byrd",1
"1177","elected","inby",1
"1178","election","congress",1
"1179","election","kansas",1
"1180","election","laws",1
"1181","election","polls",1
"1182","election","recently",1
"1183","elections","hitherto",1
"1184","electoral","lubricant",1
"1185","electoral","system",1
"1186","elements","devoutly",1
"1187","elevate","adlai",1
"1188","eleventh","district",1
"1189","eloquent","warnings",1
"1190","emaabeneng","effect",1
"1191","embraced","mccarthyism",1
"1192","emergency","call",1
"1193","emotional","capacity",1
"1194","empty","success",1
"1195","empyrean","flight",1
"1196","endeavor","government",1
"1197","endorsed","a_",1
"1198","enforce","desegregation",1
"1199","engineering","ideas",1
"1200","engineering","personnel",1
"1201","england","scotland",1
"1202","engulfed","cathedral",1
"1203","enormous","increase",1
"1204","ent","national",1
"1205","ent","noting",1
"1206","enterprise","association",1
"1207","entire","normal",1
"1208","entitled","federal",1
"1209","environmental","influences",1
"1210","equally","loaded",1
"1211","eral","revenues",1
"1212","ernment","departments",1
"1213","ers","granted",1
"1214","erspective","registered",1
"1215","erts","ea",1
"1216","es","lle",1
"1217","escape","taxes",1
"1218","essential","judge",1
"1219","established","taxation",1
"1220","estateand","gift",1
"1221","estes","kefauver",1
"1222","estimable","gentleman",1
"1223","eternally","accelerated",1
"1224","european","countries",1
"1225","evaluate","closely",1
"1226","evaluating","republican",1
"1227","evidence","west",1
"1228","exact","opposite",1
"1229","exact","types",1
"1230","exceedingly","slim",1
"1231","excellence","surely",1
"1232","excellent","cargo",1
"1233","excess","profits",1
"1234","excise","paid",1
"1235","excise","taxes",1
"1236","executive","sales",1
"1237","executives","constantly",1
"1238","exempt","status",1
"1239","exercise","judgment",1
"1240","exist","due",1
"1241","exist","leaders",1
"1242","exist","medical",1
"1243","expect","congress",1
"1244","expensive","mechanical",1
"1245","experienced","financial",1
"1246","experimental","models",1
"1247","expert","experienced",1
"1248","expertly","trained",1
"1249","expressed","public",1
"1250","extreme","importance",1
"1251","extremists","coattail",1
"1252","fair","deal",1
"1253","fair","size",1
"1254","faith","sharply",1
"1255","false","authority",1
"1256","faltering","hand",1
"1257","faltering","step",1
"1258","famec","september",1
"1259","family","budget",1
"1260","famous","ancestor",1
"1261","fancy","free",1
"1262","farley","continue",1
"1263","farley’s","future",1
"1264","farm","surplus",1
"1265","farnsworth","vision",1
"1266","fashioned","folks",1
"1267","fashioned","individual",1
"1268","father","joe",1
"1269","favor","heavy",1
"1270","favor","warren",1
"1271","favorable","votes",1
"1272","favored","cutting",1
"1273","favorite","son",1
"1274","fear","dislike",1
"1275","feder","power",1
"1276","federal","assistance",1
"1277","federal","bureau",1
"1278","federal","centralization",1
"1279","federal","establishment",1
"1280","federal","income",1
"1281","federal","inspec",1
"1282","federal","law",1
"1283","federal","legisla",1
"1284","federal","legislation",1
"1285","federal","money",1
"1286","federal","plan",1
"1287","federal","power",1
"1288","federal","programs",1
"1289","federal","projects",1
"1290","federal","revenue",1
"1291","federal","social",1
"1292","feedback","obsession",1
"1293","fellow","named",1
"1294","fellows","runagainst",1
"1295","feuding","ing",1
"1296","fever","president",1
"1297","fewer","jobs",1
"1298","fically","dissects",1
"1299","fierce","criticism",1
"1300","fight","olson",1
"1301","fighting","faith",1
"1302","figure","garbed",1
"1303","figure","includes",1
"1304","figures","cope",1
"1305","final","choice",1
"1306","final","returns",1
"1307","final","session",1
"1308","finally","found",1
"1309","financial","insanity",1
"1310","financial","necessities",1
"1311","finest","attributes",1
"1312","finnegan","butler",1
"1313","firsthand","study",1
"1314","fiscal","irresponsibility",1
"1315","fiscal","obligations",1
"1316","flabby","campaigning",1
"1317","flaring","conflicts",1
"1318","flatter","flynn",1
"1319","flawless","result",1
"1320","flying","ships",1
"1321","flynn","scorned",1
"1322","fm","radio",1
"1323","fo","president",1
"1324","fof","canvassing",1
"1325","follow","politics",1
"1326","follow","recognition",1
"1327","follow","suit",1
"1328","followers","seized",1
"1329","food","spending",1
"1330","forand","bill",1
"1331","forbid","defiance",1
"1332","forceful","lessons",1
"1333","forcefully","illustrates",1
"1334","ford","money",1
"1335","foregoing","accounts",1
"1336","foreign","affairs",1
"1337","foreign","competition",1
"1338","foreign","ob",1
"1339","foreign","relations",1
"1340","foreseeable","future",1
"1341","formatting","discrepancies",1
"1342","formatting","including",1
"1343","formatting","inconsistencies",1
"1344","formulate","policies",1
"1345","forthcoming","meeting",1
"1346","forthcoming","white",1
"1347","fortunes","doctors",1
"1348","forward","backward",1
"1349","foundations","supplant",1
"1350","foundation’s","statement",1
"1351","fragile","statesman",1
"1352","frank","hague",1
"1353","frank","van",1
"1354","frank","walker",1
"1355","free","elections",1
"1356","free","expression",1
"1357","free","rhetoric",1
"1358","free","scheme",1
"1359","free","society",1
"1360","freeman","answers",1
"1361","freeman","assistant",1
"1362","freeman","served",1
"1363","freeman","study",1
"1364","freeman’s","answers",1
"1365","frequent","question",1
"1366","friend","added",1
"1367","friendly","constituents",1
"1368","friendly","japan",1
"1369","friendship","seldom",1
"1370","frol","kozlov",1
"1371","front","pages",1
"1372","ft","wayne",1
"1373","ful","lessons",1
"1374","furnish","information",1
"1375","future","cp",1
"1376","gains","additional",1
"1377","gains","tax",1
"1378","gen","eral",1
"1379","general's","office",1
"1380","generation","ur",1
"1381","genuine","alternative",1
"1382","genuine","necessities",1
"1383","george","meany",1
"1384","georgian","illustrated",1
"1385","ghostly","nimbus",1
"1386","giant","cargo",1
"1387","gift","tax",1
"1388","gilded","age",1
"1389","gin","tors",1
"1390","glibly","assume",1
"1391","goal","preserve",1
"1392","goofy","research",1
"1393","gop","leaders",1
"1394","gov","elect",1
"1395","government","ac",1
"1396","government","based",1
"1397","government","million",1
"1398","government","reorganization",1
"1399","government","units",1
"1400","governmental","units",1
"1401","governments","afford",1
"1402","governor","knight",1
"1403","governor","langlie",1
"1404","governor","lowden",1
"1405","governor","rockefeller",1
"1406","governors","conferences",1
"1407","graduate","school",1
"1408","graduated","corporation",1
"1409","graduated","tax",1
"1410","grand","coulee",1
"1411","grave","charge",1
"1412","grave","doubt",1
"1413","greatly","changed",1
"1414","green","mountains",1
"1415","greenville","s.c",1
"1416","grim","warning",1
"1417","grossly","underused",1
"1418","grundy","county",1
"1419","guardia","airthere",1
"1420","gubernatorial","cam‘paigns",1
"1421","hall","candidates",1
"1422","halted","mand",1
"1423","hand","column",1
"1424","hand","democracy",1
"1425","hand","onheart",1
"1426","hand","suggests",1
"1427","hand","true",1
"1428","hand","unshaken",1
"1429","handed","henry",1
"1430","handimagine","weeks",1
"1431","haphazard","collection",1
"1432","happiest","solution",1
"1433","happy","ns",1
"1434","harbor","interventionists",1
"1435","hardy","enterprise",1
"1436","harry","byrd",1
"1437","harry","homewood",1
"1438","hartley","act",1
"1439","hartley","facing",1
"1440","harvard","business",1
"1441","harvard","graduate",1
"1442","harvard","president’s",1
"1443","hat","canny",1
"1444","haunting","american",1
"1445","hawkes","republican",1
"1446","hay","enforcement",1
"1447","head","office",1
"1448","head","reflectively",1
"1449","headquarters","labor",1
"1450","health","insurance",1
"1451","healthinsurance","payments",1
"1452","heat","explaining",1
"1453","heaviest","penalty",1
"1454","heavily","edited",1
"1455","heavily","underscored",1
"1456","heavy","spending",1
"1457","hells","canyon",1
"1458","helpful","contribution",1
"1459","henry","didn’t",1
"1460","henry","entered",1
"1461","henry","looked",1
"1462","henry","lose",1
"1463","henry","nodded",1
"1464","highballs","penny",1
"1465","highly","competitive",1
"1466","highly","qualified",1
"1467","highly","skilled",1
"1468","history","leaders",1
"1469","history","politics",1
"1470","hitherto","solid",1
"1471","holdover","bureaucracy",1
"1472","holds","barred",1
"1473","holds","key",1
"1474","hollow","shells",1
"1475","home","affairs",1
"1476","home","constituency",1
"1477","home","rule",1
"1478","home","town",1
"1479","homely","metaphor",1
"1480","honest","election",1
"1481","honesty","voting",1
"1482","honor","declining",1
"1483","honor","propriety",1
"1484","hopelessly","henry",1
"1485","house","conference",1
"1486","house","lowest",1
"1487","house","received",1
"1488","house","representation",1
"1489","house","senator",1
"1490","house","vote",1
"1491","houston","chronick",1
"1492","howard","hughes",1
"1493","huge","obligations",1
"1494","human","misery",1
"1495","human","welfare",1
"1496","humphrey","nixon",1
"1497","hundred","thousand",1
"1498","hundreds","taxes",1
"1499","hydroelectric","power",1
"1500","ical","human",1
"1501","icy","status",1
"1502","idaho","campaign",1
"1503","idaho","combined",1
"1504","ideas","advice",1
"1505","identify","republicanism",1
"1506","ideological","zeal",1
"1507","ignite","bitter",1
"1508","ignore","party",1
"1509","ii","avoid",1
"1510","ike’s","fateful",1
"1511","im","presses",1
"1512","immense","satisfaction",1
"1513","immensely","complex",1
"1514","immensely","im",1
"1515","imminence","war",1
"1516","impersonal","ruthless",1
"1517","implicit","commitment",1
"1518","impose","additional",1
"1519","impossible","due",1
"1520","impressionistic","tone",1
"1521","improper","marking",1
"1522","inactive","republicans",1
"1523","inadequacy","democratic",1
"1524","inaugural","address",1
"1525","include","consideration",1
"1526","includes","millionyear",1
"1527","including","separating",1
"1528","including","taxes",1
"1529","income","relied",1
"1530","income","splitting",1
"1531","inconsistencies","due",1
"1532","inconspicuous","governor",1
"1533","increase","ir",1
"1534","increased","infiltration",1
"1535","increased","representain",1
"1536","independent","book",1
"1537","independent","figures",1
"1538","independent","market",1
"1539","independent","party",1
"1540","independent","people",1
"1541","independent","tion",1
"1542","independents","scorned",1
"1543","indignation","political",1
"1544","indiscriminate","collection",1
"1545","indiscriminate","mixing",1
"1546","indispensable","service",1
"1547","individual","incomes",1
"1548","individual","relief",1
"1549","individual","reporter",1
"1550","individual","responsibility",1
"1551","individual","voters",1
"1552","individual’s","freedom",1
"1553","indivisible","authority",1
"1554","indoctrinated","population",1
"1555","industrial","change",1
"1556","industrial","conference",1
"1557","industrial","workers",1
"1558","industry","kefauver",1
"1559","inexorable","trusteeship",1
"1560","inexpensive","quarters",1
"1561","inflationary","prices",1
"1562","influenced","mayor",1
"1563","inform","congress",1
"1564","information","offered",1
"1565","informative","discussions",1
"1566","inherited","instincts",1
"1567","iniquitous","excess",1
"1568","innate","reserve",1
"1569","insistent","demand",1
"1570","inspec","tion",1
"1571","inspire","party",1
"1572","inspired","system",1
"1573","instinctively","reveal",1
"1574","instruments","sheet",1
"1575","insurance","system",1
"1576","intellectual","convic",1
"1577","intelligence","vincent",1
"1578","intergovernmental","relations",1
"1579","interior","secretary",1
"1580","internal","affairs",1
"1581","internal","conflict",1
"1582","internally","japan",1
"1583","international","custom",1
"1584","international","levels",1
"1585","international","tensions",1
"1586","interventionists","fared",1
"1587","interview","register",1
"1588","interviews","professor",1
"1589","intimate","political",1
"1590","investors","capital",1
"1591","investors","sharing",1
"1592","invite","lawyers",1
"1593","invited","legal",1
"1594","involved","fear",1
"1595","iowa","ralph",1
"1596","ireland","burke",1
"1597","irresistible","pressure",1
"1598","irresponsible","vindictive",1
"1599","ise","liberal",1
"1600","island","deviated",1
"1601","issues","adopted",1
"1602","issues","office",1
"1603","j.a","mellsop",1
"1604","jacques","barzun's",1
"1605","james","middleton",1
"1606","japan","contend",1
"1607","japanese","politician",1
"1608","japan’s","capacity",1
"1609","japan’s","peril",1
"1610","japan’s","police",1
"1611","japan’s","political",1
"1612","japan’s","system",1
"1613","jersey","city",1
"1614","jim","farley’s",1
"1615","joaquin","valley",1
"1616","job","plans",1
"1617","job","supplanted",1
"1618","joe","cannon",1
"1619","john","hollister",1
"1620","john","pollsum",1
"1621","johnson","people",1
"1622","johnson","ticket",1
"1623","joint","resolution",1
"1624","joseph","campbell",1
"1625","juan","capis",1
"1626","judge","believed",1
"1627","judicial","matter",1
"1628","judiciary","enjoys",1
"1629","justice","marshall",1
"1630","kahsas","won",1
"1631","kaiser","september",1
"1632","kefauver","front",1
"1633","kefauver","team",1
"1634","kefauver","theme",1
"1635","kennedy","answered",1
"1636","kennedy","clements",1
"1637","kennedy","johnson",1
"1638","kennedy","nixon",1
"1639","key","posimen",1
"1640","keynes","favored",1
"1641","keynesian","theory",1
"1642","khrushchev","propaganda",1
"1643","knight","told",1
"1644","knowland","cope",1
"1645","knowland","knight",1
"1646","korean","war",1
"1647","la","guardia",1
"1648","la","piere's",1
"1649","labor","ada",1
"1650","labor","candidates",1
"1651","labor","committee",1
"1652","labor","laws",1
"1653","labor","leadership",1
"1654","labor","minorities",1
"1655","labor","movement",1
"1656","labor","platform",1
"1657","labor","power",1
"1658","labor","sections",1
"1659","labor","suffers",1
"1660","labor","votes",1
"1661","labor","workers",1
"1662","laborious","days",1
"1663","laboriously","hun",1
"1664","lacks","personal",1
"1665","larger","business",1
"1666","lasting","lesson",1
"1667","late","august",1
"1668","late","ed",1
"1669","late","january",1
"1670","late","lord",1
"1671","late","reports",1
"1672","latin","america",1
"1673","lating","body",1
"1674","law","partner",1
"1675","law","twenty",1
"1676","laws","byrd",1
"1677","lawyer","froma",1
"1678","lawyers","hope",1
"1679","leaders","issue",1
"1680","leaders","moved",1
"1681","leaders","office",1
"1682","leaders","radical",1
"1683","leaders","realized",1
"1684","leadership","deliberately",1
"1685","league","office",1
"1686","lecting","tank",1
"1687","led","people",1
"1688","left","japan’s",1
"1689","legal","power",1
"1690","legal","provision",1
"1691","legged","stool",1
"1692","legisla","tion",1
"1693","legislation","dealing",1
"1694","legislation","opposed",1
"1695","legislative","objectives",1
"1696","legitimate","rights",1
"1697","legitimate","unions",1
"1698","legitimately","voted",1
"1699","lehman","pastore",1
"1700","lem","speeches",1
"1701","lengthy","interview",1
"1702","leo","crowley",1
"1703","lesser","degree",1
"1704","lesser","extent",1
"1705","lesser","followers",1
"1706","lesson","ii",1
"1707","lesson","learned",1
"1708","letters","disagreeing",1
"1709","level","debate",1
"1710","level","federal",1
"1711","liberal","democrat",1
"1712","liberal","labor",1
"1713","liberal","politicians",1
"1714","liberal","republicans",1
"1715","lies","close",1
"1716","lies","heavily",1
"1717","life","subdued",1
"1718","likewise","john",1
"1719","limit","assistance",1
"1720","lincoln","tl",1
"1721","lip","service",1
"1722","listed","public",1
"1723","literacy","tests",1
"1724","litical","education",1
"1725","live","laborious",1
"1726","living","stand",1
"1727","lle","ppicinn",1
"1728","local","activities",1
"1729","local","bonds",1
"1730","local","candidates",1
"1731","local","communities",1
"1732","local","conditions",1
"1733","local","districts",1
"1734","local","governments",1
"1735","local","meetings",1
"1736","local","organizations",1
"1737","local","people",1
"1738","looked","worried",1
"1739","loos","angeles",1
"1740","loose","fancy",1
"1741","lord","keynes",1
"1742","lord","na",1
"1743","lord","nature",1
"1744","lose","democratic",1
"1745","losing","support",1
"1746","low","percentage",1
"1747","lowest","opposition",1
"1748","loyal","party",1
"1749","lush","san",1
"1750","lutely","set",1
"1751","madison","declared",1
"1752","maestro","james",1
"1753","maf","thousands",1
"1754","magnificently","correct",1
"1755","mail","party",1
"1756","main","middle",1
"1757","main","reliance",1
"1758","main","streets",1
"1759","maintain","contact",1
"1760","major","concern",1
"1761","major","domestic",1
"1762","major","issue",1
"1763","major","parties",1
"1764","major","test",1
"1765","majority","leader",1
"1766","majority","miscalled",1
"1767","majority","parties",1
"1768","majority","vote",1
"1769","malignant","influences",1
"1770","manageable","unit",1
"1771","manager","farley",1
"1772","managers","financed",1
"1773","managers","proprietors",1
"1774","managers","salesmen",1
"1775","manner","fitting",1
"1776","manpower","alliances",1
"1777","manual","correction",1
"1778","manufacturing","ability",1
"1779","man’s","environment",1
"1780","margaret","chase",1
"1781","marginal","republican",1
"1782","marginal","seat",1
"1783","marine","establishments",1
"1784","marshall","borrowing",1
"1785","martin","jr",1
"1786","marxist","conant",1
"1787","mass","education",1
"1788","massachusetts","house",1
"1789","massachusetts","lesson",1
"1790","massachusetts","likewise",1
"1791","masses","living",1
"1792","massive","burdens",1
"1793","massive","responsibilities",1
"1794","massive","structure",1
"1795","masters","call",1
"1796","material","form",1
"1797","material","level",1
"1798","material","profit",1
"1799","material","world",1
"1800","material","yearnings",1
"1801","materials","engineering",1
"1802","matic","milker",1
"1803","matters","relating",1
"1804","mayor","cratic",1
"1805","mccord","wright",1
"1806","mccormack","majority",1
"1807","mccormick","brooks",1
"1808","meade","alcorn",1
"1809","meaningful","symptoms",1
"1810","means","committee",1
"1811","means","test",1
"1812","meany","byrd",1
"1813","measurable","stability",1
"1814","measurably","enforce",1
"1815","measured","reasoning",1
"1816","medical","authority",1
"1817","medical","care",1
"1818","medical","opinion",1
"1819","mediocrities","demagogues",1
"1820","meet","social",1
"1821","melancholy","destiny",1
"1822","mell","poll",1
"1823","mellsop","organization",1
"1824","mental","ical",1
"1825","mental","moral",1
"1826","mental","muscle",1
"1827","mentioned","joseph",1
"1828","mentor","told",1
"1829","men’s","lives",1
"1830","men’s","stomachs",1
"1831","merchant","marine",1
"1832","mere","clerks",1
"1833","mere","congregations",1
"1834","mere","handout",1
"1835","mere","revival",1
"1836","mere","surveys",1
"1837","merged","federations",1
"1838","message","americans",1
"1839","met","defeat",1
"1840","mexican","dictator",1
"1841","mid","october",1
"1842","middleton","cox",1
"1843","mild","tem",1
"1844","mild","temperature",1
"1845","military","aggression",1
"1846","military","power",1
"1847","military","strength",1
"1848","million","stockholders",1
"1849","million","voters",1
"1850","million","votes",1
"1851","million","wallace’s",1
"1852","minded","democrats",1
"1853","minded","leaders",1
"1854","minister's","home",1
"1855","minnesota","rewho",1
"1856","minor","variations",1
"1857","minority","pressures",1
"1858","miserable","wages",1
"1859","misleading","report",1
"1860","model","socialist",1
"1861","model","takes",1
"1862","modern","economists",1
"1863","modernize","thei",1
"1864","modest","charge",1
"1865","modified","competitive",1
"1866","moley","ampaign",1
"1867","moley","banks",1
"1868","moley","curate",1
"1869","moley","days",1
"1870","moley","fund",1
"1871","moley","hat",1
"1872","moley","hortly",1
"1873","moley","roll",1
"1874","moley","talk",1
"1875","moley","tices",1
"1876","moley's","article",1
"1877","momentous","choices",1
"1878","money","accurately",1
"1879","money","manpower",1
"1880","money","power",1
"1881","money","spent",1
"1882","monstrous","fraud",1
"1883","montana","democrat",1
"1884","months","days",1
"1885","montpelier","vt",1
"1886","monumental","job",1
"1887","moral","issue",1
"1888","moral","strictures",1
"1889","morale","building",1
"1890","mortal","threat",1
"1891","move","farther",1
"1892","move","human",1
"1893","moves","forward",1
"1894","multitudinous","reform",1
"1895","murray","montana",1
"1896","music","recordings",1
"1897","musical","requirements",1
"1898","mutual","fear",1
"1899","named","london",1
"1900","named","proxmire",1
"1901","nashville","banner",1
"1902","nation","action",1
"1903","nation","internal",1
"1904","nation","minority",1
"1905","nation's","sovereign",1
"1906","national","aeronautics",1
"1907","national","affairs",1
"1908","national","committeeman",1
"1909","national","committeemen",1
"1910","national","con",1
"1911","national","crisis",1
"1912","national","education",1
"1913","national","emergency",1
"1914","national","government",1
"1915","national","industrial",1
"1916","national","leadership",1
"1917","national","legislation",1
"1918","national","organizations",1
"1919","national","parties",1
"1920","national","party",1
"1921","national","pressure",1
"1922","national","product",1
"1923","national","production",1
"1924","national","progress",1
"1925","national","temper",1
"1926","national","wealth",1
"1927","nations","pledged",1
"1928","nation’s","attention",1
"1929","nation’s","taxpayers",1
"1930","natural","determinism",1
"1931","natural","forces",1
"1932","nature","wove",1
"1933","nazi","apostles",1
"1934","naïve","ideas",1
"1935","neatly","dissects",1
"1936","necessity","follow",1
"1937","necessity","shift",1
"1938","negative","role",1
"1939","neighbor’s","chickens",1
"1940","nineteenth","century",1
"1941","nixon","humphrey",1
"1942","nixon","knowland",1
"1943","nixon","ning",1
"1944","nixon","opposes",1
"1945","nixon","symington",1
"1946","nobly","conceived",1
"1947","nonpartisan","organization",1
"1948","nonpolitical","independent",1
"1949","nonvoting","eligibles",1
"1950","nore","hopelessly",1
"1951","normal","democratic",1
"1952","normal","political",1
"1953","notable","businessman",1
"1954","notable","people",1
"1955","november","victory",1
"1956","numerous","opportunities",1
"1957","oasi","insurance",1
"1958","objectives","office",1
"1959","obstacles","stand",1
"1960","obvious","examples",1
"1961","occas","avail",1
"1962","occupation","national",1
"1963","occupation","scap",1
"1964","ocr","errors",1
"1965","october","patent",1
"1966","offers","counsel",1
"1967","office","chairmen",1
"1968","office","choice",1
"1969","office","destroy",1
"1970","office","election",1
"1971","office","evil",1
"1972","office","henry",1
"1973","office","moley",1
"1974","office","polled",1
"1975","office","registered",1
"1976","office","remains",1
"1977","office","willkie",1
"1978","official","agencies",1
"1979","official","associates",1
"1980","official","corruption",1
"1981","official","family",1
"1982","official","ornaments",1
"1983","official","party",1
"1984","official","publication",1
"1985","officials","suggesting",1
"1986","ohio's","top",1
"1987","oil","production",1
"1988","olan","apap",1
"1989","olson","stuck",1
"1990","ominous","figures",1
"1991","onheart","declarations",1
"1992","onstrate","herald",1
"1993","op","rupt",1
"1994","operation","comprises",1
"1995","operation","tolerance",1
"1996","opinion","poll",1
"1997","opponent","earl",1
"1998","opportunileader","announcing",1
"1999","opposed","evidence",1
"2000","opposition","leaders",1
"2001","opposition","voters",1
"2002","optional","purchase",1
"2003","oregon","counties",1
"2004","oregon","power",1
"2005","oregon","sweep",1
"2006","organ","instruments",1
"2007","organization","dedicated",1
"2008","organization","limited",1
"2009","organizations","ther",1
"2010","organized","effort",1
"2011","organized","politically",1
"2012","organized","support",1
"2013","original","idea",1
"2014","original","jurisdiction",1
"2015","original","layout",1
"2016","original","paragraph",1
"2017","original","social",1
"2018","original","structure",1
"2019","os","angeles",1
"2020","oth","conant",1
"2021","othtaking","loyal",1
"2022","ous","absentee",1
"2023","outlook","flynn",1
"2024","outpromise","liberal",1
"2025","outstanding","defeats",1
"2026","outworn","residence",1
"2027","outworn","shibboleths",1
"2028","overburdened","industry",1
"2029","overlapping","text",1
"2030","overwhelming","powers",1
"2031","pacific","coast",1
"2032","pacific","war",1
"2033","paid","employees",1
"2034","pan","slavism",1
"2035","paper","ballots",1
"2036","paragraph","breaks",1
"2037","paraphrase","hall",1
"2038","parties","moley",1
"2039","parties","shorn",1
"2040","partisan","democrats",1
"2041","party","affiliation",1
"2042","party","alike",1
"2043","party","alive",1
"2044","party","assumes",1
"2045","party","behavior",1
"2046","party","candidates",1
"2047","party","count",1
"2048","party","dedi",1
"2049","party","emerged",1
"2050","party","encumbered",1
"2051","party","insiders",1
"2052","party","leaders",1
"2053","party","literature",1
"2054","party","membership",1
"2055","party","organizations",1
"2056","party","philosophy",1
"2057","party","platform",1
"2058","party","policy",1
"2059","party","post",1
"2060","party","principles",1
"2061","party","strength",1
"2062","party","student",1
"2063","party","system",1
"2064","party","units",1
"2065","party","voters",1
"2066","party","wendell",1
"2067","party","who’s",1
"2068","party’s","vote",1
"2069","pass","legislation",1
"2070","passage","kennedy",1
"2071","passing","reference",1
"2072","past","radio",1
"2073","past","recognition",1
"2074","past","ten",1
"2075","pastore","murray",1
"2076","patent","light",1
"2077","patent","registered",1
"2078","patriotism","abided",1
"2079","patronage","remains",1
"2080","pawn","responsible",1
"2081","pay","hundreds",1
"2082","paying","lip",1
"2083","pearl","harbor",1
"2084","pecuniary","rewards",1
"2085","peking","government",1
"2086","peking","invests",1
"2087","pell","mell",1
"2088","penny","ante",1
"2089","people","assumed",1
"2090","people","bear",1
"2091","people","glibly",1
"2092","people","speculating",1
"2093","people.are","dissatisfied",1
"2094","perature","prevailed",1
"2095","perceptive","californians",1
"2096","perfectly","separating",1
"2097","perils","involved",1
"2098","period","medical",1
"2099","periods","prior",1
"2100","periscope","preview",1
"2101","permanent","minority",1
"2102","permissive","home",1
"2103","permitted","partisans",1
"2104","personal","achievement",1
"2105","personal","fortunes",1
"2106","personal","honor",1
"2107","personal","inclination",1
"2108","personal","knowledge",1
"2109","personal","preferences",1
"2110","personal","satisfaction",1
"2111","personnel","mass",1
"2112","persp","ective",1
"2113","persp","registered",1
"2114","pertinent","questions",1
"2115","pervious","organism",1
"2116","pests","pounce",1
"2117","petty","officer",1
"2118","ph.d","education",1
"2119","photographed","smil",1
"2120","photographed","smiling",1
"2121","physand","emotional",1
"2122","physical","business",1
"2123","physical","demands",1
"2124","plan","embodied",1
"2125","plan","impersonal",1
"2126","plan","leaves",1
"2127","plan","prepared",1
"2128","plane","leaders",1
"2129","planner","manager",1
"2130","plans","engineering",1
"2131","platform","johnson",1
"2132","platform","promises",1
"2133","platform","texas",1
"2134","play","ties",1
"2135","pleasant","adornment",1
"2136","plural","regency",1
"2137","poem","tells",1
"2138","poignant","scenes",1
"2139","policy","persistently",1
"2140","political","action",1
"2141","political","activity",1
"2142","political","advantage",1
"2143","political","arms",1
"2144","political","balance",1
"2145","political","campaign",1
"2146","political","conclusions",1
"2147","political","counsel",1
"2148","political","destinies",1
"2149","political","events",1
"2150","political","ideals",1
"2151","political","machinery",1
"2152","political","machines",1
"2153","political","methods",1
"2154","political","newcomer",1
"2155","political","par",1
"2156","political","parties",1
"2157","political","purposes",1
"2158","political","retaliation",1
"2159","political","supremacy",1
"2160","political","unknowns",1
"2161","politically","acceptable",1
"2162","politically","inspired",1
"2163","politically","minded",1
"2164","politically","oregon",1
"2165","politicians","grab",1
"2166","politicians","leaders",1
"2167","politics","closely",1
"2168","politics","design",1
"2169","politics","history",1
"2170","politics","provide",1
"2171","polititell","republican",1
"2172","polled","moley",1
"2173","polls","shaped",1
"2174","pollsum","card",1
"2175","pollsum","whipped",1
"2176","pono","doubt",1
"2177","poor","grace",1
"2178","poorly","paid",1
"2179","popular","president",1
"2180","popular","vote",1
"2181","popularization","swept",1
"2182","population","abroad",1
"2183","population","burning",1
"2184","population","industrial",1
"2185","portant","office",1
"2186","portentous","drive",1
"2187","posimen","sufficiently",1
"2188","position","official",1
"2189","positively","doubt",1
"2190","potent","exponent",1
"2191","potential","ocr",1
"2192","power","advocate",1
"2193","power","assured",1
"2194","power","congress",1
"2195","power","met",1
"2196","power","policies",1
"2197","power","voters",1
"2198","power","zealots",1
"2199","powerful","force",1
"2200","powerful","machine",1
"2201","powerful","majority",1
"2202","powerful","organization",1
"2203","ppicinn","ae",1
"2204","practical","application",1
"2205","practice","moved",1
"2206","pre","election",1
"2207","pre","pearl",1
"2208","precede","tax",1
"2209","precipitate","chaos",1
"2210","preconvention","fight",1
"2211","preferences","denied",1
"2212","pregident","visited",1
"2213","prejudiced","story",1
"2214","preliminaries","decision",1
"2215","prepare","ticket",1
"2216","presently","tapped",1
"2217","presi","dent",1
"2218","president","depend",1
"2219","president","eisenhower's",1
"2220","president","george",1
"2221","president","roosevelt’s",1
"2222","president","won",1
"2223","president","woodrow",1
"2224","president's","party",1
"2225","president's","past",1
"2226","president's","program",1
"2227","president's","support",1
"2228","presidential","aspirants",1
"2229","presidential","balance",1
"2230","presidential","candidacies",1
"2231","presidential","opinion",1
"2232","presidential","press",1
"2233","presidential","sponsorship",1
"2234","presidential","vote",1
"2235","president’s","armistice",1
"2236","president’s","opinion",1
"2237","president’s","press",1
"2238","president’s","program",1
"2239","president’s","responsibility",1
"2240","president’s","scolding",1
"2241","president’s","statements",1
"2242","president’s","visit",1
"2243","press","behavior",1
"2244","pretty","deep",1
"2245","pretty","squalid",1
"2246","pretty","uninspiring",1
"2247","pretty","violently",1
"2248","prevented","congressional",1
"2249","preventive","war",1
"2250","preview","vast",1
"2251","previous","administrations",1
"2252","previous","paintings",1
"2253","price","reduction",1
"2254","prices","paralysis",1
"2255","pride","personal",1
"2256","primary","campaigns",1
"2257","prime","minister's",1
"2258","prime","objective",1
"2259","primitive","times",1
"2260","principles","listed",1
"2261","private","information",1
"2262","private","participation",1
"2263","private","philanthropy",1
"2264","private","publication",1
"2265","private","tutors",1
"2266","produce","super",1
"2267","production","line",1
"2268","prof","charles",1
"2269","prof","david",1
"2270","prof","sumner",1
"2271","professional","conservative",1
"2272","professional","job",1
"2273","professional","polititell",1
"2274","professional","workers",1
"2275","professionally","trained",1
"2276","professor","wright",1
"2277","profits","levy",1
"2278","profligate","government",1
"2279","profound","constitutional",1
"2280","program","fails",1
"2281","progressive","corporation",1
"2282","prominent","american",1
"2283","promises","democratic",1
"2284","promote","national",1
"2285","properly","con",1
"2286","property","custodian",1
"2287","proportion","involved",1
"2288","propriations","committees",1
"2289","proprietors","professional",1
"2290","prospective","federal",1
"2291","prospective","presidential",1
"2292","protected","life",1
"2293","protestant","ministers",1
"2294","proved","record",1
"2295","provide","control",1
"2296","provide","effective",1
"2297","provide","healthinsurance",1
"2298","provide","medical",1
"2299","provide","relief",1
"2300","provided","due",1
"2301","provided","equitably",1
"2302","public","acceptance",1
"2303","public","appearance",1
"2304","public","concern",1
"2305","public","denied",1
"2306","public","funds",1
"2307","public","indignation",1
"2308","public","money",1
"2309","public","morale",1
"2310","public","office",1
"2311","public","opposition",1
"2312","public","responsibility",1
"2313","public","services",1
"2314","public","suspicion",1
"2315","public","tastes",1
"2316","public","utility",1
"2317","publish","confusing",1
"2318","publish","essentially",1
"2319","purely","advisory",1
"2320","purely","political",1
"2321","purses","notable",1
"2322","pursued","subversion",1
"2323","putative","presiden",1
"2324","qualified","american",1
"2325","qualified","voters",1
"2326","qualified","widely",1
"2327","quarterly","subsequently",1
"2328","question","rises",1
"2329","questions","arise",1
"2330","questions","selected",1
"2331","quickly","forget",1
"2332","quoted","chairman",1
"2333","radical","elements",1
"2334","radical","farmers",1
"2335","radical","proposal",1
"2336","radio","corporation",1
"2337","radio","program",1
"2338","radio","sues",1
"2339","ran","olson",1
"2340","range","gains",1
"2341","rare","capacity",1
"2342","rate","considerably",1
"2343","rates","yield",1
"2344","rational","climate",1
"2345","rational","meaning",1
"2346","rational","reason",1
"2347","reactionary","money",1
"2348","read","due",1
"2349","read","laboriously",1
"2350","reading","aloud",1
"2351","real","color",1
"2352","real","test",1
"2353","real","victims",1
"2354","real","war",1
"2355","realists","paid",1
"2356","receipt","disbursement",1
"2357","receive","payments",1
"2358","received","dewey’s",1
"2359","recent","afl",1
"2360","recent","campaign",1
"2361","recent","radio",1
"2362","recent","senatorial",1
"2363","recent","session",1
"2364","reckless","irresponsible",1
"2365","recognize","red",1
"2366","recognizing","red",1
"2367","record","changer",1
"2368","record","votes",1
"2369","recordings","capehart",1
"2370","recruiting","candidates",1
"2371","recruiting","party",1
"2372","rect","methods",1
"2373","redistributing","wealth",1
"2374","reduced","yearly",1
"2375","reduction","extending",1
"2376","reduction","plan",1
"2377","reelect","albert",1
"2378","reelected","fish",1
"2379","reflectively","pollsum",1
"2380","reform","workers",1
"2381","reformers","keynes",1
"2382","reforming","people",1
"2383","refusing","recognition",1
"2384","regaining","control",1
"2385","regard","as_",1
"2386","regarded","aj",1
"2387","regional","conferences",1
"2388","regional","conservative",1
"2389","regisof","tered",1
"2390","register","thereon",1
"2391","registered","determinism’s",1
"2392","registered","henry",1
"2393","registered","ike’s",1
"2394","registered","patent",1
"2395","regular","army",1
"2396","rejected","justice",1
"2397","relative","standing",1
"2398","relative","strangers",1
"2399","relief","repealing",1
"2400","reluctance","leo",1
"2401","remain","requiring",1
"2402","remaining","tenet",1
"2403","remains","moley",1
"2404","reoublican","candidates",1
"2405","rep","isolationist",1
"2406","rep","joseph",1
"2407","report","widely",1
"2408","reporter","arthur",1
"2409","reporter","der",1
"2410","representain","congress",1
"2411","representative","simpson",1
"2412","representatives","received",1
"2413","reproduction","television",1
"2414","republican","candidate",1
"2415","republican","commentators",1
"2416","republican","comwas",1
"2417","republican","concerned",1
"2418","republican","congress",1
"2419","republican","congressman",1
"2420","republican","defense",1
"2421","republican","drift",1
"2422","republican","gain",1
"2423","republican","governors",1
"2424","republican","leader",1
"2425","republican","losses",1
"2426","republican","nomination",1
"2427","republican","organizations",1
"2428","republican","platform",1
"2429","republican","pri",1
"2430","republican","senate",1
"2431","republican","share",1
"2432","republican","ticket",1
"2433","republican","workers",1
"2434","republicans","cast",1
"2435","republicans","opposed",1
"2436","republicans","schoeppel",1
"2437","republicans","suggest",1
"2438","requires","liberty",1
"2439","requiring","manual",1
"2440","research","institute",1
"2441","reserve","coupled",1
"2442","residence","requirement",1
"2443","resist","pressures",1
"2444","respect","extended",1
"2445","respected","lawyer",1
"2446","respects","excellent",1
"2447","responsibility","personal",1
"2448","responsibility","requires",1
"2449","responsibility","rests",1
"2450","responsible","leader",1
"2451","responsible","officials",1
"2452","responsible","people",1
"2453","responsible","reporter",1
"2454","rest","reasonable",1
"2455","result","ac",1
"2456","retired","employes",1
"2457","retirement","age",1
"2458","retirement","gop",1
"2459","revolutionary","change",1
"2460","rhode","island",1
"2461","rich","people",1
"2462","richard","la",1
"2463","richard","wilson",1
"2464","riotous","time",1
"2465","rival","claims",1
"2466","rivals","prowling",1
"2467","rogressive","taxation",1
"2468","roll","call",1
"2469","roman","catholic",1
"2470","roosevelt","administration",1
"2471","roosevelt","scoffed",1
"2472","roosevelt’s","comment",1
"2473","roscoe","drummond",1
"2474","round","employees",1
"2475","round","managers",1
"2476","roving","experts",1
"2477","rupt","election",1
"2478","rural","districts",1
"2479","russian","economic",1
"2480","russian","leaders",1
"2481","russian","power",1
"2482","s.c","news",1
"2483","s.m","brownell",1
"2484","sacred","public",1
"2485","sad","satisfaction",1
"2486","sadlak","plan",1
"2487","safely","labor",1
"2488","san","diego",1
"2489","san","joaquin",1
"2490","san","juan",1
"2491","san","timonious",1
"2492","sanders","book",1
"2493","sanders","discusses",1
"2494","sanders","opinions",1
"2495","sational","announcement",1
"2496","saved","olson",1
"2497","savings","insurance",1
"2498","scant","margin",1
"2499","scanty","list",1
"2500","scap","required",1
"2501","scc","occas",1
"2502","scheduled","reduction",1
"2503","scheduled","wait",1
"2504","schoeppel","chairman",1
"2505","schoeppel","cites",1
"2506","schoeppel","margaret",1
"2507","schoeppel","simpson",1
"2508","school","classrooms",1
"2509","school","professor",1
"2510","school","property",1
"2511","schroeder","national",1
"2512","science","appeared",1
"2513","scientific","determination",1
"2514","scientific","determinism",1
"2515","scientist","differs",1
"2516","scorn","delights",1
"2517","scotland","fraud",1
"2518","sea","reprints",1
"2519","secretary","marion",1
"2520","secretary","seaton",1
"2521","security","act",1
"2522","security","benefits",1
"2523","security","insurance",1
"2524","security","oasi",1
"2525","security","system",1
"2526","seek","guidance",1
"2527","seeking","congressional",1
"2528","seeks","equality",1
"2529","selected","beneficiaries",1
"2530","selecting","people",1
"2531","sen","burton",1
"2532","sen","harry",1
"2533","sen","joseph",1
"2534","senate","party",1
"2535","senate","roll",1
"2536","senate","seats",1
"2537","senator","brooks",1
"2538","senator","kennedy",1
"2539","senator","neuberger",1
"2540","senator","reed",1
"2541","senator","taft",1
"2542","senator","welker",1
"2543","senator's","cronies",1
"2544","senatorial","election",1
"2545","senators","governors",1
"2546","senators","kennedy",1
"2547","senators","schoeppel",1
"2548","sensational","announcement",1
"2549","sentee","ballots",1
"2550","sentiments","free",1
"2551","separate","piece",1
"2552","september","ective",1
"2553","servative","candidate",1
"2554","service","close",1
"2555","service","indispensable",1
"2556","service","wright",1
"2557","settled","rule",1
"2558","seymour","resulted",1
"2559","shaky","alliances",1
"2560","shape","politics",1
"2561","share","industry",1
"2562","sharply","distinguished",1
"2563","sheer","physical",1
"2564","sheet","music",1
"2565","shift","managers",1
"2566","shifting","public",1
"2567","shining","sons",1
"2568","shop","stewards",1
"2569","short","congress",1
"2570","sick","joe",1
"2571","significant","military",1
"2572","simply","offering",1
"2573","simpson","researches",1
"2574","sinclair","weeks",1
"2575","sinclairites","single",1
"2576","single","election",1
"2577","single","referendum",1
"2578","single","taxers",1
"2579","sionally","trained",1
"2580","sir","david",1
"2581","sister","ship",1
"2582","sixteen","repetitions",1
"2583","size","towns",1
"2584","skilled","engineer",1
"2585","skilled","political",1
"2586","skillful","organization",1
"2587","slavish","adherence",1
"2588","slichter's","generality",1
"2589","slight","indication",1
"2590","slighted","lected",1
"2591","slightly","inaccurate",1
"2592","slightly","misrepresented",1
"2593","smalls","driving",1
"2594","smarter","henrys",1
"2595","sober","gentle",1
"2596","social","class",1
"2597","social","distinction",1
"2598","social","functions",1
"2599","social","reform",1
"2600","social","service",1
"2601","social","system",1
"2602","social","unrest",1
"2603","social","unsound",1
"2604","socialist","labor",1
"2605","sociological","imagination",1
"2606","soft","pervious",1
"2607","sole","appeal",1
"2608","sole","function",1
"2609","sole","motive",1
"2610","solemn","duty",1
"2611","solid","republican",1
"2612","solidly","conserva",1
"2613","solidly","conservative",1
"2614","solidly","democratic",1
"2615","sought","protection",1
"2616","south","democratic",1
"2617","southeast","asia",1
"2618","southeastern","asia",1
"2619","southern","newspapers",1
"2620","southern","senators",1
"2621","sovereign","power",1
"2622","soviet","boast",1
"2623","soviet","rus",1
"2624","space","administration",1
"2625","space","shortly",1
"2626","space","suggesting",1
"2627","sparsely","settled",1
"2628","speaker","joe",1
"2629","specialists","pon",1
"2630","specialists","pondered",1
"2631","specially","selected",1
"2632","specific","denials",1
"2633","specific","function",1
"2634","specific","issues",1
"2635","specific","material",1
"2636","specific","plan",1
"2637","specific","plans",1
"2638","speech","adlai",1
"2639","speech","question",1
"2640","speeches","shakes",1
"2641","spending","increases",1
"2642","spending","items",1
"2643","spending","votes",1
"2644","spiritedprimary","contest",1
"2645","splendid","job",1
"2646","spot","check",1
"2647","stability","productivity",1
"2648","stabilizing","reform",1
"2649","stand","auto",1
"2650","stand","automatic",1
"2651","standard","comment",1
"2652","standard","oil",1
"2653","stark","poverty",1
"2654","stassen","gaffe",1
"2655","stassen","sen",1
"2656","statesmen","importance",1
"2657","state’s","province",1
"2658","statistical","agency",1
"2659","statistical","tables",1
"2660","steel","col",1
"2661","steel","collecting",1
"2662","steep","progression",1
"2663","step","forward",1
"2664","stevenson","called",1
"2665","stevenson","campaigning",1
"2666","stevenson","implies",1
"2667","stevenson","received",1
"2668","stifling","regimentation",1
"2669","stil","time",1
"2670","story","isn’t",1
"2671","story","widely",1
"2672","strained","resources",1
"2673","strange","surroundings",1
"2674","strategy","governor",1
"2675","straw","votes",1
"2676","street","looked",1
"2677","strength","borrowed",1
"2678","stress","conant",1
"2679","stretches","miles",1
"2680","strident","minority",1
"2681","strong","call",1
"2682","strong","exceptions",1
"2683","strong","feeling",1
"2684","strong","investigator",1
"2685","strong","labor",1
"2686","strong","national",1
"2687","strong","organizations",1
"2688","strong","personal",1
"2689","strong","pollsters",1
"2690","stronger","appointment",1
"2691","strongly","unionized",1
"2692","structure","writers",1
"2693","students","desires",1
"2694","study","invaluable",1
"2695","study","promote",1
"2696","stuff","grew",1
"2697","subdued","pride",1
"2698","subject","listed",1
"2699","submarine","officer",1
"2700","subsequently","senator",1
"2701","subsidized","federal",1
"2702","substantial","reason",1
"2703","subtle","pressure",1
"2704","subversive","influences",1
"2705","succeed","knowland",1
"2706","succeeding","generation",1
"2707","succeeding","presi",1
"2708","success","leading",1
"2709","successfully","met",1
"2710","suffering","taxpayer",1
"2711","sufficiently","wise",1
"2712","suggesting","reforms",1
"2713","suggests","annual",1
"2714","sums","collected",1
"2715","supby","conservative",1
"2716","super","leaders",1
"2717","superlative","instrument",1
"2718","support","registered",1
"2719","support","score",1
"2720","support","upstate",1
"2721","surplus","headache",1
"2722","surpriswrote","roscoe",1
"2723","surtax","exemption",1
"2724","surtax","rates",1
"2725","system","carry",1
"2726","system","november",1
"2727","tables","borrowed",1
"2728","takes","close",1
"2729","takes","time",1
"2730","tammany","tweed",1
"2731","tapped","tax",1
"2732","taught","determinism",1
"2733","tax","adjustments",1
"2734","tax","antoni",1
"2735","tax","deductions",1
"2736","tax","exempt",1
"2737","tax","exempticns",1
"2738","tax","involves",1
"2739","tax","plan",1
"2740","tax","policy",1
"2741","tax","reduction",1
"2742","tax","sources",1
"2743","tax","structure",1
"2744","taxable","income",1
"2745","taxation","notably",1
"2746","taxes","discourage",1
"2747","taxes","false",1
"2748","taxes","october",1
"2749","taxing","powers",1
"2750","taxpayers","gains",1
"2751","teacher","shortage",1
"2752","teachers","offer",1
"2753","teachers","salaries",1
"2754","technical","personnel",1
"2755","technical","workers",1
"2756","technological","progress",1
"2757","television","set",1
"2758","temperature","prevailed",1
"2759","tered","voters",1
"2760","terrifying","examples",1
"2761","tested","social",1
"2762","texaf","law",1
"2763","texas","democrats",1
"2764","text","unrelated",1
"2765","thei","election",1
"2766","ther","err",1
"2767","thi","casts",1
"2768","thinking","congressman",1
"2769","thirteenth","term",1
"2770","thousand","illiterates",1
"2771","threat","june",1
"2772","throop","smith",1
"2773","tial","candidates",1
"2774","ticket","byrd",1
"2775","tidal","patterns",1
"2776","ties","halted",1
"2777","timate","bruised",1
"2778","time","congress",1
"2779","time","proved",1
"2780","time","tested",1
"2781","time","voted",1
"2782","time","voting",1
"2783","times","permitted",1
"2784","timonious","newspaper",1
"2785","tiny","percentage",1
"2786","tion","day",1
"2787","tion","ers",1
"2788","title","fragile",1
"2789","tive","candidate",1
"2790","tive","departments",1
"2791","tively","reveal",1
"2792","tokyo’s","governor",1
"2793","tolerance","understanding",1
"2794","tone","poem",1
"2795","tonic","effect",1
"2796","top","level",1
"2797","top","republicans",1
"2798","total","individual",1
"2799","total","majority",1
"2800","total","paid",1
"2801","total","roll",1
"2802","town","newspapers",1
"2803","towns","cities",1
"2804","trade","organization",1
"2805","trade","union",1
"2806","train","rest",1
"2807","trano","surely",1
"2808","transformed","horned",1
"2809","trillion","dollars",1
"2810","triumphant","powerful",1
"2811","troubled","relations",1
"2812","true","masters",1
"2813","truman","administrations",1
"2814","truman","carried",1
"2815","truman’s","million",1
"2816","trust","receive",1
"2817","turbulent","sea",1
"2818","tweed","ring",1
"2819","twelfth","california",1
"2820","twelfth","district",1
"2821","twin","offices",1
"2822","u.s","commissioner",1
"2823","u.s","registered",1
"2824","ukrainian","vil",1
"2825","ukrainian","village",1
"2826","ultimate","decision",1
"2827","ultimate","reaction",1
"2828","ultimate","transformation",1
"2829","ultimately","relies",1
"2830","unbroken","tenure",1
"2831","uncommitted","nations",1
"2832","uncommon","responsi",1
"2833","underlying","pathology",1
"2834","understandable","differences",1
"2835","undertake","critical",1
"2836","undivided","responsibility",1
"2837","uneven","contest",1
"2838","unfair","noted",1
"2839","unfavorable","light",1
"2840","unflattering","terms",1
"2841","uninspiring","candidate",1
"2842","union","council",1
"2843","union","funds",1
"2844","union","leaders",1
"2845","union","nore",1
"2846","union","politics",1
"2847","union","tion",1
"2848","unions","twenty",1
"2849","unique","conditions",1
"2850","unit","larger",1
"2851","united","nations",1
"2852","united","political",1
"2853","university","inaugural",1
"2854","unjust","alike",1
"2855","unmistakable","hesitation",1
"2856","unparalleled","opportunity",1
"2857","unprecedented","feat",1
"2858","unpremeditated","war",1
"2859","unproductive","disposition",1
"2860","unquestioned","manufacturing",1
"2861","unremitting","discipline",1
"2862","unsaved","independent",1
"2863","unskilled","industrial",1
"2864","unusual","sense",1
"2865","unwarranted","invasion",1
"2866","upper","house",1
"2867","upstate","republican",1
"2868","ur","job",1
"2869","urban","registration.rules",1
"2870","urban","suburban",1
"2871","usefully","employing",1
"2872","utmost","energies",1
"2873","utter","detachment",1
"2874","vacations","means",1
"2875","valid","reason",1
"2876","valid","vote",1
"2877","van","published",1
"2878","variety","running",1
"2879","vast","borrowing",1
"2880","vast","importance",1
"2881","vast","southeastern",1
"2882","vast","sums",1
"2883","vastly","bigger",1
"2884","venerable","beauty",1
"2885","venerated","teachers",1
"2886","vice","chairof",1
"2887","vice","presidential",1
"2888","victory","enjoy",1
"2889","viet","boast",1
"2890","vigorous","prosecuted",1
"2891","vindictive","attacks",1
"2892","violently","opposed",1
"2893","vip","overlooked",1
"2894","virtually","disappeared",1
"2895","virulent","litical",1
"2896","vision","december",1
"2897","vision","radio",1
"2898","visited","california",1
"2899","visited","naval",1
"2900","vital","issue",1
"2901","vital","matter",1
"2902","voluntary","associations",1
"2903","voluntary","organization",1
"2904","volunteer","workers",1
"2905","vote","cast",1
"2906","vote","dropped",1
"2907","vote","favored",1
"2908","vote","identify",1
"2909","vote","strategy",1
"2910","voted","democratic",1
"2911","voted","favorably",1
"2912","voters","decide",1
"2913","voters","failed",1
"2914","voters","poliis",1
"2915","votes","ahead",1
"2916","votes","mellsop",1
"2917","votes","polls",1
"2918","votes","putting",1
"2919","voting","districts",1
"2920","voting","qualifications",1
"2921","voting","records",1
"2922","voting","requirements",1
"2923","voting","rights",1
"2924","w.j","waring",1
"2925","wages","compared",1
"2926","wait","stevenson",1
"2927","war","annihilation",1
"2928","war","assured",1
"2929","war","bonds",1
"2930","war","captures",1
"2931","war","ii",1
"2932","war","tossing",1
"2933","war's","earlier",1
"2934","warren","harding",1
"2935","warren","nixon",1
"2936","warwick","leamington",1
"2937","washington","correspondents",1
"2938","washington","d.c",1
"2939","washington","freeman",1
"2940","waste","money",1
"2941","watch","slowly",1
"2942","wayne","farnsworth",1
"2943","wealth","political",1
"2944","weight","attached",1
"2945","welfare","elections",1
"2946","welfare","setup",1
"2947","west","circumstances",1
"2948","west","slight",1
"2949","western","kahsas",1
"2950","western","moral",1
"2951","whenhe","makes",1
"2952","wholeheartedly","tions",1
"2953","wholesale","corruption",1
"2954","wide","discussion",1
"2955","wide","diver",1
"2956","widely","acquainted",1
"2957","widely","published",1
"2958","widely","reported",1
"2959","widely","separated",1
"2960","widely","spread",1
"2961","wife","suggested",1
"2962","wife","tightening",1
"2963","william","burke",1
"2964","willkie","rep",1
"2965","willkie’s","influence",1
"2966","wilson","broke",1
"2967","wilson","disfranchised",1
"2968","wilson","doctrine",1
"2969","wilson","incapacity",1
"2970","witness","vannevar",1
"2971","wonderful","instruments",1
"2972","won’t","tells",1
"2973","woodrow","wilson",1
"2974","word","leadership",1
"2975","words","deep",1
"2976","workable","formula",1
"2977","worker","con",1
"2978","workers","call",1
"2979","workers","carry",1
"2980","workers","ighim",1
"2981","world","america’s",1
"2982","world","december",1
"2983","world","eisenhower’s",1
"2984","world","events",1
"2985","world","insulated",1
"2986","world","market",1
"2987","world","war",1
"2988","worn","figure",1
"2989","wpb","representative",1
"2990","wright","observes",1
"2991","wright's","criticism",1
"2992","wrong","insurance",1
"2993","wuhart","history",1
"2994","year’s","residence",1
"2995","york","kansas",1
"2996","york","times",1
"2997","york","tribune",1
"2998","zealots","radical",1
